hgnc_id	GEP	GCN	MUT	CNS
HGNC:10006	-1	3	3	-1
HGNC:1027	1	3	3	1
HGNC:10293	1	3	3	1
HGNC:10297	3	3	3	3
HGNC:10451	3	3	3	3
HGNC:10452	3	3	3	3
HGNC:1047	-1	0	3	-1
HGNC:1048	-1	0	3	-1
HGNC:10536	-1	3	3	-1
HGNC:10540	3	3	3	3
HGNC:10545	1	3	3	1
HGNC:10547	-1	3	3	-1
HGNC:10571	3	3	3	3
HGNC:10606	2	3	3	2
HGNC:1062	2	3	3	2
HGNC:1063	3	3	3	3
HGNC:10680	3	3	3	3
HGNC:10681	3	0	3	3
HGNC:10682	3	3	3	3
HGNC:10683	3	3	3	3
HGNC:10691	-1	3	3	-1
HGNC:10761	1	3	3	1
HGNC:108	-1	3	3	-1
HGNC:10817	1	3	3	1
HGNC:10818	-1	3	3	-1
HGNC:10850	2	3	3	2
HGNC:10852	2	3	3	2
HGNC:10856	-1	3	3	-1
HGNC:10860	-1	3	3	-1
HGNC:10862	-1	3	3	-1
HGNC:10863	1	3	3	1
HGNC:10864	1	3	3	1
HGNC:10866	1	3	3	1
HGNC:10867	-1	3	3	-1
HGNC:10869	-1	1	3	-1
HGNC:10872	-1	3	3	-1
HGNC:10905	-1	3	3	-1
HGNC:10906	-1	3	3	-1
HGNC:10907	-1	3	3	-1
HGNC:10908	1	3	3	1
HGNC:10909	-1	0	3	-1
HGNC:10910	-1	3	3	-1
HGNC:10911	1	3	3	1
HGNC:10912	-1	3	3	-1
HGNC:10913	1	3	3	1
HGNC:10914	-1	3	3	-1
HGNC:10915	2	0	3	2
HGNC:10916	-1	3	3	-1
HGNC:10917	-1	3	3	-1
HGNC:10918	-1	3	3	-1
HGNC:10919	-1	3	3	-1
HGNC:10920	-1	3	3	-1
HGNC:10921	-1	3	3	-1
HGNC:10922	3	3	3	3
HGNC:10923	1	3	3	1
HGNC:10924	2	0	3	2
HGNC:10928	-1	3	3	-1
HGNC:10929	-1	3	3	-1
HGNC:1093	1	3	3	1
HGNC:10930	-1	3	3	-1
HGNC:10931	-1	0	3	-1
HGNC:10932	-1	3	3	-1
HGNC:10933	1	3	3	1
HGNC:10934	-1	3	3	-1
HGNC:10935	-1	3	3	-1
HGNC:10936	-1	3	3	-1
HGNC:10937	1	3	3	1
HGNC:10938	1	3	3	1
HGNC:10939	-1	3	3	-1
HGNC:10940	-1	3	3	-1
HGNC:10941	-1	3	3	-1
HGNC:10942	-1	0	3	-1
HGNC:10943	3	0	3	3
HGNC:10944	-1	3	3	-1
HGNC:10945	-1	3	3	-1
HGNC:10946	3	3	3	3
HGNC:10947	1	3	3	1
HGNC:10952	-1	3	3	-1
HGNC:10953	3	3	3	3
HGNC:10955	-1	3	3	-1
HGNC:10956	-1	3	3	-1
HGNC:10959	-1	3	3	-1
HGNC:1096	2	3	3	2
HGNC:10961	1	3	3	1
HGNC:10962	-1	3	3	-1
HGNC:10963	-1	3	3	-1
HGNC:10966	-1	3	3	-1
HGNC:10967	-1	3	3	-1
HGNC:10968	-1	3	3	-1
HGNC:10969	1	3	3	1
HGNC:10970	-1	3	3	-1
HGNC:10971	-1	3	3	-1
HGNC:10972	-1	3	3	-1
HGNC:10973	1	3	3	1
HGNC:10974	-1	3	3	-1
HGNC:10975	-1	3	3	-1
HGNC:10976	-1	3	3	-1
HGNC:10977	-1	0	3	-1
HGNC:10978	-1	3	3	-1
HGNC:10979	3	3	3	3
HGNC:10980	-1	3	3	-1
HGNC:10981	2	3	3	2
HGNC:10982	1	3	3	1
HGNC:10983	2	3	3	2
HGNC:10984	1	3	3	1
HGNC:10985	2	3	3	2
HGNC:10986	1	3	3	1
HGNC:10988	-1	3	3	-1
HGNC:10989	3	0	3	3
HGNC:10990	2	3	3	2
HGNC:10991	3	3	3	3
HGNC:10992	3	3	3	3
HGNC:10993	-1	0	3	-1
HGNC:10994	1	3	3	1
HGNC:10995	1	3	3	1
HGNC:10996	-1	3	3	-1
HGNC:10997	1	3	3	1
HGNC:10998	2	3	3	2
HGNC:10999	-1	3	3	-1
HGNC:11000	-1	3	3	-1
HGNC:11001	-1	3	3	-1
HGNC:11002	-1	3	3	-1
HGNC:11003	3	0	3	3
HGNC:11004	1	3	3	1
HGNC:11005	2	3	3	2
HGNC:11006	-1	3	3	-1
HGNC:11007	-1	3	3	-1
HGNC:11009	-1	3	3	-1
HGNC:11010	-1	3	3	-1
HGNC:11012	2	3	3	2
HGNC:11018	-1	3	3	-1
HGNC:11019	-1	3	3	-1
HGNC:11020	-1	3	3	-1
HGNC:11021	-1	3	3	-1
HGNC:11022	2	3	3	2
HGNC:11023	1	3	3	1
HGNC:11024	-1	3	3	-1
HGNC:11025	-1	3	3	-1
HGNC:11026	2	3	3	2
HGNC:11027	-1	3	3	-1
HGNC:11028	3	3	3	3
HGNC:11029	1	3	3	1
HGNC:11030	-1	0	3	-1
HGNC:11033	1	3	3	1
HGNC:11034	-1	3	3	-1
HGNC:11035	-1	3	3	-1
HGNC:11036	-1	3	3	-1
HGNC:11037	-1	3	3	-1
HGNC:11038	0	3	3	3
HGNC:11040	-1	3	3	-1
HGNC:11041	2	3	3	2
HGNC:11042	-1	0	3	-1
HGNC:11044	-1	3	3	-1
HGNC:11045	-1	3	3	-1
HGNC:11046	-1	3	3	-1
HGNC:11047	-1	3	3	-1
HGNC:11048	-1	3	3	-1
HGNC:11049	-1	3	3	-1
HGNC:11050	-1	3	3	-1
HGNC:11051	-1	3	3	-1
HGNC:11052	1	3	3	1
HGNC:11054	-1	3	3	-1
HGNC:11055	3	3	3	3
HGNC:11056	-1	0	3	-1
HGNC:11057	2	3	3	2
HGNC:11058	-1	3	3	-1
HGNC:11059	-1	3	3	-1
HGNC:11060	-1	3	3	-1
HGNC:11061	-1	3	3	-1
HGNC:11063	3	3	3	3
HGNC:11064	1	3	3	1
HGNC:11065	-1	3	3	-1
HGNC:11066	-1	0	3	-1
HGNC:11067	-1	3	3	-1
HGNC:11068	-1	3	3	-1
HGNC:11069	-1	3	1	-1
HGNC:11070	-1	0	3	-1
HGNC:11071	1	0	3	1
HGNC:11072	-1	0	3	-1
HGNC:11073	1	3	3	1
HGNC:11077	-1	3	3	-1
HGNC:11078	1	3	3	1
HGNC:11120	1	3	3	1
HGNC:11121	2	3	3	2
HGNC:11123	3	3	3	3
HGNC:11177	2	3	3	2
HGNC:11178	-1	3	3	-1
HGNC:11179	3	3	3	3
HGNC:11180	1	3	3	1
HGNC:11181	-1	3	3	-1
HGNC:11184	2	3	3	2
HGNC:1122	1	3	3	1
HGNC:11240	-1	3	3	-1
HGNC:11257	3	3	3	3
HGNC:11277	2	3	3	2
HGNC:11278	1	3	3	1
HGNC:11279	2	0	3	2
HGNC:11284	2	0	3	2
HGNC:11285	-1	0	3	-1
HGNC:11296	3	3	3	3
HGNC:11377	-1	2	3	-1
HGNC:11425	-1	3	3	-1
HGNC:11448	2	3	3	2
HGNC:11449	3	3	3	3
HGNC:11450	3	3	3	3
HGNC:11453	-1	3	3	-1
HGNC:11454	-1	0	3	-1
HGNC:11455	1	3	3	1
HGNC:11458	-1	3	3	-1
HGNC:11459	-1	3	3	-1
HGNC:11460	1	3	3	1
HGNC:11479	2	3	3	2
HGNC:115	3	3	3	3
HGNC:11503	1	3	3	1
HGNC:11504	-1	3	3	-1
HGNC:11559	3	3	3	3
HGNC:11573	-1	3	3	-1
HGNC:11609	-1	0	3	-1
HGNC:11647	2	3	3	2
HGNC:117	1	3	3	1
HGNC:11708	-1	0	3	-1
HGNC:11782	-1	0	3	-1
HGNC:118	2	3	3	2
HGNC:11830	3	3	3	3
HGNC:11831	-1	3	3	-1
HGNC:11834	3	3	3	3
HGNC:11835	-1	3	3	-1
HGNC:11863	1	0	3	1
HGNC:119	1	3	3	1
HGNC:120	-1	0	3	-1
HGNC:12008	-1	0	3	-1
HGNC:12009	3	3	3	3
HGNC:12015	-1	3	3	-1
HGNC:12019	-1	3	3	-1
HGNC:121	1	0	3	1
HGNC:122	3	3	3	3
HGNC:12266	-1	3	3	-1
HGNC:123	1	3	3	1
HGNC:12388	2	3	3	2
HGNC:12390	2	3	3	2
HGNC:124	-1	3	3	-1
HGNC:12437	3	3	3	3
HGNC:12441	3	3	3	3
HGNC:12442	-1	3	3	-1
HGNC:12450	-1	3	3	-1
HGNC:12457	3	3	3	3
HGNC:125	-1	3	1	-1
HGNC:12517	-1	0	3	-1
HGNC:12518	-1	0	3	-1
HGNC:12519	-1	0	3	-1
HGNC:12524	1	3	3	1
HGNC:12525	1	3	3	1
HGNC:12527	2	3	3	2
HGNC:12530	0	3	3	3
HGNC:12531	-1	3	3	-1
HGNC:12535	0	3	3	3
HGNC:12536	-1	3	3	-1
HGNC:12537	0	3	3	3
HGNC:12538	-1	3	3	-1
HGNC:12539	-1	3	3	-1
HGNC:12540	-1	3	3	-1
HGNC:12541	0	0	3	0
HGNC:12544	-1	0	3	-1
HGNC:12545	-1	3	3	-1
HGNC:12546	-1	3	3	-1
HGNC:12547	-1	3	3	-1
HGNC:12553	-1	3	3	-1
HGNC:12554	-1	3	3	-1
HGNC:12555	-1	3	3	-1
HGNC:12562	2	3	3	2
HGNC:12563	2	3	3	2
HGNC:12576	1	3	3	1
HGNC:12582	2	3	3	2
HGNC:12585	3	3	3	3
HGNC:12586	3	3	3	3
HGNC:12587	3	3	3	3
HGNC:12590	3	3	3	3
HGNC:12591	3	3	3	3
HGNC:12592	2	3	3	2
HGNC:12705	-1	3	3	-1
HGNC:12706	-1	3	3	-1
HGNC:12805	-1	3	3	-1
HGNC:12839	-1	3	3	-1
HGNC:13203	-1	3	3	-1
HGNC:13213	-1	3	3	-1
HGNC:13265	-1	3	3	-1
HGNC:13273	-1	3	3	-1
HGNC:13312	3	3	3	3
HGNC:13398	2	3	3	2
HGNC:13414	-1	3	3	-1
HGNC:13444	-1	3	3	-1
HGNC:13445	-1	3	3	-1
HGNC:13447	2	3	3	2
HGNC:13448	3	3	3	3
HGNC:13479	-1	3	3	-1
HGNC:13527	2	3	3	2
HGNC:13528	-1	3	3	-1
HGNC:13531	-1	3	3	-1
HGNC:13542	-1	3	3	-1
HGNC:13557	-1	3	3	-1
HGNC:1368	-1	3	3	-1
HGNC:13709	3	3	3	3
HGNC:1371	-1	3	3	-1
HGNC:1372	-1	3	3	-1
HGNC:13724	2	3	3	2
HGNC:13726	1	3	3	1
HGNC:1373	-1	3	3	-1
HGNC:13734	-1	3	3	-1
HGNC:1374	-1	3	3	-1
HGNC:1375	-1	3	3	-1
HGNC:1377	-1	3	3	-1
HGNC:1378	-1	3	3	-1
HGNC:1380	-1	3	3	-1
HGNC:1381	-1	3	3	-1
HGNC:13811	-1	3	3	-1
HGNC:13812	-1	3	3	-1
HGNC:13815	-1	3	3	-1
HGNC:13817	1	3	3	1
HGNC:13818	-1	3	2	-1
HGNC:13819	-1	3	3	-1
HGNC:1382	-1	3	3	-1
HGNC:1383	-1	0	3	-1
HGNC:13886	-1	3	3	-1
HGNC:13887	-1	3	3	-1
HGNC:14025	-1	0	3	-1
HGNC:14073	-1	3	2	-1
HGNC:14118	-1	0	3	-1
HGNC:14120	-1	0	3	-1
HGNC:14129	2	3	3	2
HGNC:14135	1	0	3	1
HGNC:14177	1	3	3	1
HGNC:14178	-1	0	3	-1
HGNC:1421	1	3	3	1
HGNC:14239	1	3	3	1
HGNC:1424	3	0	3	3
HGNC:14240	-1	3	3	-1
HGNC:14247	3	3	3	3
HGNC:14404	-1	3	3	-1
HGNC:14409	1	3	3	1
HGNC:14411	-1	3	3	-1
HGNC:14412	-1	3	3	-1
HGNC:14415	-1	3	3	-1
HGNC:14416	-1	3	3	-1
HGNC:14418	3	3	3	3
HGNC:14423	-1	3	3	-1
HGNC:14430	-1	3	3	-1
HGNC:14467	-1	3	3	-1
HGNC:14468	-1	3	3	-1
HGNC:14469	-1	3	3	-1
HGNC:14471	1	3	3	1
HGNC:14472	1	3	3	1
HGNC:14522	-1	3	3	-1
HGNC:14572	-1	3	3	-1
HGNC:14573	1	3	3	1
HGNC:14601	2	3	3	2
HGNC:14639	-1	3	3	-1
HGNC:14679	-1	3	3	-1
HGNC:14859	1	3	3	1
HGNC:14897	-1	3	3	-1
HGNC:14903	-1	3	3	-1
HGNC:14914	-1	3	3	-1
HGNC:14937	2	3	3	2
HGNC:14938	3	3	3	3
HGNC:1516	2	3	3	2
HGNC:15449	-1	3	3	-1
HGNC:15463	1	3	3	1
HGNC:15472	-1	3	2	-1
HGNC:1548	3	0	3	3
HGNC:1549	2	3	3	2
HGNC:1550	2	3	3	2
HGNC:15516	-1	3	3	-1
HGNC:15517	1	3	3	1
HGNC:15629	1	3	3	1
HGNC:1564	1	3	3	1
HGNC:15654	-1	3	3	-1
HGNC:15683	-1	3	3	-1
HGNC:15684	-1	3	3	-1
HGNC:15685	2	3	3	2
HGNC:15722	-1	3	3	-1
HGNC:15769	-1	3	3	-1
HGNC:15791	2	3	3	2
HGNC:15814	1	3	3	1
HGNC:15827	-1	3	3	-1
HGNC:15829	-1	0	3	-1
HGNC:15894	1	3	3	1
HGNC:15917	-1	3	3	-1
HGNC:15919	1	3	3	1
HGNC:15938	2	3	3	2
HGNC:15956	-1	3	3	-1
HGNC:16029	-1	3	3	-1
HGNC:16049	3	0	3	3
HGNC:16058	2	3	3	2
HGNC:16065	2	3	3	2
HGNC:16091	1	3	3	1
HGNC:16140	1	0	3	1
HGNC:16148	2	3	3	2
HGNC:16187	-1	3	3	-1
HGNC:16232	-1	3	3	-1
HGNC:16253	-1	3	3	-1
HGNC:16266	-1	3	3	-1
HGNC:16270	-1	3	3	-1
HGNC:16297	-1	3	3	-1
HGNC:16354	-1	3	3	-1
HGNC:16431	-1	3	3	-1
HGNC:16437	-1	3	3	-1
HGNC:16448	1	3	3	1
HGNC:16484	-1	3	3	-1
HGNC:16496	-1	3	3	-1
HGNC:16526	-1	3	3	-1
HGNC:1663	-1	3	3	-1
HGNC:1664	2	3	3	2
HGNC:1667	-1	3	3	-1
HGNC:16703	-1	3	3	-1
HGNC:16704	-1	0	3	-1
HGNC:16732	1	0	3	1
HGNC:16753	3	3	3	3
HGNC:16789	-1	3	3	-1
HGNC:16815	-1	3	3	-1
HGNC:16832	3	3	3	3
HGNC:16872	3	3	3	3
HGNC:16906	2	3	3	2
HGNC:16940	1	3	3	1
HGNC:16977	-1	3	3	-1
HGNC:16985	3	3	3	3
HGNC:17	-1	3	3	-1
HGNC:17027	-1	3	3	-1
HGNC:17038	-1	3	3	-1
HGNC:1712	-1	3	3	-1
HGNC:17123	-1	3	3	-1
HGNC:17144	1	3	3	1
HGNC:17174	1	3	3	1
HGNC:17175	-1	3	3	-1
HGNC:17194	0	3	3	3
HGNC:17198	1	0	3	1
HGNC:17223	-1	3	3	-1
HGNC:17245	-1	3	3	-1
HGNC:17269	-1	3	3	-1
HGNC:17287	1	3	3	1
HGNC:17296	1	3	3	1
HGNC:17313	2	3	3	2
HGNC:17325	-1	3	3	-1
HGNC:17345	-1	3	3	-1
HGNC:17358	-1	3	3	-1
HGNC:17366	-1	3	3	-1
HGNC:17376	2	3	3	2
HGNC:17422	-1	3	3	-1
HGNC:17423	1	3	3	1
HGNC:17432	-1	3	3	-1
HGNC:17449	-1	3	3	-1
HGNC:17450	-1	3	3	-1
HGNC:17579	2	3	3	2
HGNC:1769	2	3	3	2
HGNC:177	-1	3	3	-1
HGNC:17720	2	3	3	2
HGNC:17729	1	0	3	1
HGNC:17804	-1	3	3	-1
HGNC:17818	-1	3	3	-1
HGNC:17819	-1	3	3	-1
HGNC:17820	1	3	3	1
HGNC:17822	3	0	3	3
HGNC:17827	-1	3	3	-1
HGNC:17836	-1	3	3	-1
HGNC:17852	1	3	3	1
HGNC:17855	-1	3	3	-1
HGNC:17856	1	3	3	1
HGNC:17877	1	3	3	1
HGNC:17890	-1	3	3	-1
HGNC:179	1	3	3	1
HGNC:17929	-1	3	3	-1
HGNC:17934	-1	0	3	-1
HGNC:1795	-1	3	3	-1
HGNC:17964	2	3	3	2
HGNC:17968	-1	3	3	-1
HGNC:17973	-1	3	3	-1
HGNC:17978	2	3	3	2
HGNC:17996	-1	3	3	-1
HGNC:180	-1	3	3	-1
HGNC:1800	-1	3	3	-1
HGNC:1801	1	3	3	1
HGNC:18044	-1	3	3	-1
HGNC:18049	-1	0	3	-1
HGNC:18057	-1	3	3	-1
HGNC:18062	2	3	3	2
HGNC:18068	-1	3	3	-1
HGNC:18070	-1	3	3	-1
HGNC:18080	-1	3	3	-1
HGNC:18120	-1	3	3	-1
HGNC:18125	-1	0	3	-1
HGNC:18149	-1	3	3	-1
HGNC:18155	1	3	3	1
HGNC:18161	-1	3	3	-1
HGNC:18168	-1	3	3	-1
HGNC:18170	3	3	3	3
HGNC:18175	2	3	3	2
HGNC:18210	-1	0	3	-1
HGNC:18264	-1	3	3	-1
HGNC:18265	-1	3	3	-1
HGNC:18266	-1	3	3	-1
HGNC:18281	1	3	3	1
HGNC:18290	3	3	3	3
HGNC:18303	2	3	3	2
HGNC:18308	1	3	3	1
HGNC:18324	2	3	3	2
HGNC:18360	2	3	3	2
HGNC:18407	-1	3	3	-1
HGNC:18431	2	0	3	2
HGNC:18449	2	3	3	2
HGNC:1848	-1	3	3	-1
HGNC:18481	-1	3	3	-1
HGNC:18540	-1	3	3	-1
HGNC:18554	1	0	3	1
HGNC:18590	-1	3	3	-1
HGNC:18596	-1	0	3	-1
HGNC:186	2	0	3	2
HGNC:18606	-1	3	3	-1
HGNC:1864	1	3	3	1
HGNC:18704	3	3	3	3
HGNC:18761	1	3	3	1
HGNC:18762	-1	3	3	-1
HGNC:18799	-1	3	3	-1
HGNC:18811	-1	3	3	-1
HGNC:1884	-1	3	3	-1
HGNC:18857	-1	3	3	-1
HGNC:18859	-1	3	3	-1
HGNC:18871	-1	3	3	-1
HGNC:18966	1	3	3	1
HGNC:18985	3	3	3	3
HGNC:18987	0	3	3	3
HGNC:19	-1	3	3	-1
HGNC:1907	-1	3	3	-1
HGNC:19080	-1	3	3	-1
HGNC:19119	-1	3	3	-1
HGNC:1912	-1	0	3	-1
HGNC:19129	3	3	3	3
HGNC:19133	-1	3	3	-1
HGNC:19134	-1	3	3	-1
HGNC:19218	-1	3	3	-1
HGNC:19237	2	3	3	2
HGNC:19256	2	0	3	2
HGNC:19288	-1	3	3	-1
HGNC:19342	-1	3	3	-1
HGNC:19343	-1	3	3	-1
HGNC:1936	-1	3	3	-1
HGNC:19365	2	3	3	2
HGNC:19366	1	3	2	1
HGNC:1937	2	0	3	2
HGNC:1938	1	3	3	1
HGNC:19419	-1	3	3	-1
HGNC:19660	1	3	3	1
HGNC:19661	-1	3	2	-1
HGNC:19685	3	3	3	3
HGNC:19686	3	3	3	3
HGNC:1969	-1	3	3	-1
HGNC:19691	1	0	3	1
HGNC:1970	-1	3	3	-1
HGNC:19708	-1	3	3	-1
HGNC:1971	1	3	3	1
HGNC:1972	-1	0	3	-1
HGNC:19721	2	3	3	2
HGNC:1973	-1	3	3	-1
HGNC:19748	-1	3	3	-1
HGNC:19873	1	3	3	1
HGNC:19875	2	3	3	2
HGNC:19877	-1	3	3	-1
HGNC:1991	3	3	3	3
HGNC:1994	-1	3	3	-1
HGNC:1995	1	3	3	1
HGNC:19953	-1	0	3	-1
HGNC:19954	2	3	3	2
HGNC:1996	-1	3	3	-1
HGNC:19975	-1	0	3	-1
HGNC:19977	-1	3	3	-1
HGNC:19978	1	3	3	1
HGNC:19979	-1	3	3	-1
HGNC:19980	3	3	3	3
HGNC:20091	-1	3	3	-1
HGNC:20093	-1	0	3	-1
HGNC:20113	-1	3	3	-1
HGNC:20123	-1	3	3	-1
HGNC:2014	-1	3	3	-1
HGNC:20151	-1	3	3	-1
HGNC:20197	1	3	3	1
HGNC:20233	-1	3	3	-1
HGNC:20244	-1	3	3	-1
HGNC:20263	-1	3	3	-1
HGNC:20305	-1	3	3	-1
HGNC:20324	1	3	3	1
HGNC:20371	-1	3	3	-1
HGNC:20372	3	3	3	3
HGNC:20460	-1	3	3	-1
HGNC:20461	1	3	3	1
HGNC:20567	1	3	3	1
HGNC:20581	-1	3	3	-1
HGNC:20583	-1	3	1	-1
HGNC:20584	1	3	3	1
HGNC:20661	1	3	3	1
HGNC:20667	1	3	3	1
HGNC:20675	-1	3	3	-1
HGNC:20692	-1	3	3	-1
HGNC:20728	1	3	3	1
HGNC:2073	2	3	3	2
HGNC:20739	-1	3	3	-1
HGNC:20779	-1	3	3	-1
HGNC:20797	2	3	3	2
HGNC:20799	2	3	3	2
HGNC:20800	1	3	3	1
HGNC:20837	1	3	3	1
HGNC:20880	2	3	3	2
HGNC:20885	-1	3	3	-1
HGNC:20886	2	3	3	2
HGNC:20910	1	3	3	1
HGNC:2097	-1	3	3	-1
HGNC:20989	-1	3	3	-1
HGNC:21016	-1	0	-1	-1
HGNC:21055	2	3	3	2
HGNC:21063	-1	3	3	-1
HGNC:21065	-1	3	3	-1
HGNC:21088	1	3	3	1
HGNC:21285	-1	3	3	-1
HGNC:21298	1	3	3	1
HGNC:21308	3	0	3	3
HGNC:21328	-1	3	3	-1
HGNC:21350	3	3	3	3
HGNC:21359	-1	3	3	-1
HGNC:21385	-1	3	3	-1
HGNC:21474	2	3	3	2
HGNC:21481	-1	3	3	-1
HGNC:21497	2	0	3	2
HGNC:21526	-1	3	3	-1
HGNC:21531	-1	3	3	-1
HGNC:2158	1	3	3	1
HGNC:21597	1	3	3	1
HGNC:21705	3	3	3	3
HGNC:21727	-1	3	3	-1
HGNC:21755	-1	3	3	-1
HGNC:2205	1	3	3	1
HGNC:22146	-1	3	3	-1
HGNC:22204	1	3	3	1
HGNC:2228	2	3	3	2
HGNC:2244	1	3	3	1
HGNC:2265	3	3	3	3
HGNC:2267	3	3	3	3
HGNC:2269	3	0	3	3
HGNC:2277	3	3	3	3
HGNC:2279	-1	3	3	-1
HGNC:2280	3	3	3	3
HGNC:2285	3	3	3	3
HGNC:2287	-1	0	3	-1
HGNC:2288	3	3	3	3
HGNC:2289	2	3	3	2
HGNC:2291	3	3	3	3
HGNC:2292	3	3	3	3
HGNC:22921	-1	3	3	-1
HGNC:22923	1	3	3	1
HGNC:22932	0	3	3	3
HGNC:2294	3	3	3	3
HGNC:22946	-1	3	3	-1
HGNC:2295	-1	3	3	-1
HGNC:2296	-1	3	3	-1
HGNC:2297	-1	3	3	-1
HGNC:23	-1	3	3	-1
HGNC:23061	-1	3	3	-1
HGNC:23087	1	3	3	1
HGNC:23089	-1	3	3	-1
HGNC:23090	1	3	3	1
HGNC:23091	-1	3	3	-1
HGNC:23096	-1	3	3	-1
HGNC:23097	-1	3	3	-1
HGNC:23155	-1	3	3	-1
HGNC:23157	1	3	3	1
HGNC:23160	2	3	3	2
HGNC:23161	2	3	3	2
HGNC:23162	-1	3	3	-1
HGNC:23198	-1	2	3	-1
HGNC:232	-1	3	3	-1
HGNC:2321	2	3	3	2
HGNC:23213	2	3	3	2
HGNC:23215	-1	3	3	-1
HGNC:2323	1	3	3	1
HGNC:23242	-1	3	3	-1
HGNC:23248	-1	3	3	-1
HGNC:2328	1	3	3	1
HGNC:23287	1	3	3	1
HGNC:2329	-1	3	3	-1
HGNC:233	-1	3	2	-1
HGNC:2330	1	3	3	1
HGNC:23302	1	3	3	1
HGNC:23364	2	3	3	2
HGNC:234	1	3	3	1
HGNC:23408	1	3	3	1
HGNC:2342	3	3	3	3
HGNC:23487	-1	3	3	-1
HGNC:235	-1	3	3	-1
HGNC:23506	1	3	3	1
HGNC:236	-1	3	3	-1
HGNC:23614	-1	3	3	-1
HGNC:23657	2	3	3	2
HGNC:2366	1	3	2	1
HGNC:237	1	3	3	1
HGNC:23764	-1	3	3	-1
HGNC:23785	1	0	3	1
HGNC:23786	2	3	3	2
HGNC:238	-1	3	3	-1
HGNC:239	-1	3	3	-1
HGNC:23987	2	3	3	2
HGNC:240	-1	3	3	-1
HGNC:24104	-1	0	3	-1
HGNC:24139	-1	3	3	-1
HGNC:24141	-1	3	1	-1
HGNC:24157	3	3	3	3
HGNC:24174	-1	3	3	-1
HGNC:2422	3	0	3	3
HGNC:24240	-1	3	3	-1
HGNC:24247	-1	3	3	-1
HGNC:24262	-1	3	-1	-1
HGNC:24269	2	3	3	2
HGNC:24288	-1	3	3	-1
HGNC:24289	1	0	3	1
HGNC:24290	-1	3	3	-1
HGNC:24291	2	0	3	2
HGNC:24292	1	3	3	1
HGNC:24293	-1	3	3	-1
HGNC:24337	1	3	3	1
HGNC:24380	-1	3	3	-1
HGNC:24381	-1	3	3	-1
HGNC:24382	-1	3	3	-1
HGNC:24436	-1	0	3	-1
HGNC:24437	2	3	3	2
HGNC:24464	2	3	3	2
HGNC:24474	-1	3	3	-1
HGNC:24475	-1	0	3	-1
HGNC:24622	2	3	3	2
HGNC:24649	2	3	3	2
HGNC:24650	1	3	3	1
HGNC:24671	2	3	3	2
HGNC:24723	-1	3	3	-1
HGNC:24791	-1	0	3	-1
HGNC:24860	-1	3	3	-1
HGNC:24861	2	0	3	2
HGNC:24862	3	3	3	3
HGNC:24864	-1	0	3	-1
HGNC:24865	1	3	3	1
HGNC:24887	-1	3	3	-1
HGNC:249	-1	3	3	-1
HGNC:24948	1	3	3	1
HGNC:250	-1	3	3	-1
HGNC:2501	1	0	3	1
HGNC:251	-1	0	3	-1
HGNC:2519	2	3	3	2
HGNC:25193	1	3	3	1
HGNC:252	-1	3	3	-1
HGNC:2520	2	3	3	2
HGNC:25223	2	3	3	2
HGNC:253	2	3	3	2
HGNC:25313	-1	0	3	-1
HGNC:2548	2	3	3	2
HGNC:255	-1	3	3	-1
HGNC:25575	-1	3	3	-1
HGNC:256	-1	3	3	-1
HGNC:25625	-1	3	3	-1
HGNC:25686	2	3	3	2
HGNC:257	2	3	3	2
HGNC:25712	1	3	3	1
HGNC:2579	3	3	3	3
HGNC:25846	2	3	3	2
HGNC:2590	-1	0	3	-1
HGNC:2591	-1	3	3	-1
HGNC:2592	-1	3	3	-1
HGNC:2593	-1	3	3	-1
HGNC:2594	-1	3	3	-1
HGNC:2595	1	3	3	1
HGNC:2596	-1	3	3	-1
HGNC:2597	-1	3	3	-1
HGNC:25985	1	3	3	1
HGNC:2600	-1	3	3	-1
HGNC:2602	-1	3	3	-1
HGNC:2603	-1	0	3	-1
HGNC:2605	-1	0	3	-1
HGNC:26057	-1	3	3	-1
HGNC:2606	-1	3	3	-1
HGNC:26063	1	3	3	1
HGNC:2608	-1	3	3	-1
HGNC:2610	-1	0	3	-1
HGNC:2611	-1	3	3	-1
HGNC:2615	-1	3	3	-1
HGNC:26160	1	3	2	1
HGNC:2620	-1	3	3	-1
HGNC:2621	-1	3	3	-1
HGNC:26210	2	3	3	2
HGNC:2622	-1	3	3	-1
HGNC:2623	-1	3	3	-1
HGNC:2625	-1	3	3	-1
HGNC:26309	2	3	3	2
HGNC:2631	-1	3	3	-1
HGNC:2632	-1	3	3	-1
HGNC:2634	-1	3	3	-1
HGNC:2637	-1	3	3	-1
HGNC:2638	-1	3	3	-1
HGNC:2640	-1	3	3	-1
HGNC:26404	2	3	3	2
HGNC:2642	-1	3	3	-1
HGNC:2644	-1	3	3	-1
HGNC:26441	-1	3	3	-1
HGNC:26444	-1	3	3	-1
HGNC:2645	-1	3	3	-1
HGNC:2646	-1	3	3	-1
HGNC:26462	-1	3	3	-1
HGNC:2648	-1	3	3	-1
HGNC:2649	-1	3	3	-1
HGNC:2651	-1	3	3	-1
HGNC:26516	1	3	3	1
HGNC:2652	-1	3	3	-1
HGNC:2653	-1	3	3	-1
HGNC:2671	-1	3	3	-1
HGNC:26777	-1	3	3	-1
HGNC:26820	-1	3	3	-1
HGNC:2689	-1	3	3	-1
HGNC:26891	-1	3	3	-1
HGNC:2690	3	3	3	3
HGNC:26965	1	3	3	1
HGNC:2698	1	3	3	1
HGNC:27015	-1	3	3	-1
HGNC:2703	2	3	3	2
HGNC:2704	1	3	3	1
HGNC:2707	-1	3	3	-1
HGNC:2709	-1	3	3	-1
HGNC:2710	2	3	3	2
HGNC:27168	-1	0	3	-1
HGNC:2719	-1	3	3	-1
HGNC:27269	-1	3	3	-1
HGNC:2727	-1	0	3	-1
HGNC:2753	2	3	3	2
HGNC:2754	2	3	3	2
HGNC:27960	-1	3	3	-1
HGNC:28082	1	3	3	1
HGNC:28107	1	3	3	1
HGNC:28157	3	0	3	3
HGNC:28335	-1	3	3	-1
HGNC:2843	2	3	3	2
HGNC:2849	-1	3	3	-1
HGNC:2850	-1	3	3	-1
HGNC:2851	2	0	3	2
HGNC:2852	1	0	3	1
HGNC:2853	-1	3	3	-1
HGNC:2854	-1	3	3	-1
HGNC:2855	-1	3	3	-1
HGNC:2856	1	3	3	1
HGNC:2857	1	3	3	1
HGNC:28577	-1	0	3	-1
HGNC:2858	3	3	3	3
HGNC:2859	3	3	3	3
HGNC:2860	2	3	3	2
HGNC:2861	3	3	3	3
HGNC:2867	1	3	3	1
HGNC:28697	1	3	3	1
HGNC:28750	-1	3	3	-1
HGNC:28777	3	3	3	3
HGNC:28883	2	3	3	2
HGNC:28906	-1	3	3	-1
HGNC:2896	1	3	3	1
HGNC:2898	2	3	3	2
HGNC:29	-1	3	3	-1
HGNC:29037	-1	3	3	-1
HGNC:291	2	3	3	2
HGNC:2911	3	3	3	3
HGNC:29185	-1	3	3	-1
HGNC:292	2	3	3	2
HGNC:29268	-1	3	3	-1
HGNC:29270	2	3	3	2
HGNC:29437	-1	3	3	-1
HGNC:29489	2	3	3	2
HGNC:29500	1	3	3	1
HGNC:29567	-1	3	3	-1
HGNC:29570	-1	3	3	-1
HGNC:29594	3	3	3	3
HGNC:29609	-1	3	3	-1
HGNC:29622	2	3	3	2
HGNC:29674	-1	3	3	-1
HGNC:2976	3	3	3	3
HGNC:2977	-1	3	3	-1
HGNC:2978	1	3	3	1
HGNC:2979	1	3	3	1
HGNC:29799	-1	3	3	-1
HGNC:29821	2	3	3	2
HGNC:29831	2	3	3	2
HGNC:29832	1	0	3	1
HGNC:29878	2	3	3	2
HGNC:29932	2	3	3	2
HGNC:29957	1	3	3	1
HGNC:3002	-1	3	3	-1
HGNC:30029	1	3	3	1
HGNC:30031	-1	3	3	-1
HGNC:30035	-1	3	3	-1
HGNC:30040	-1	3	3	-1
HGNC:30042	-1	3	3	-1
HGNC:3006	2	3	3	2
HGNC:30092	2	3	3	2
HGNC:3012	2	3	3	2
HGNC:3013	-1	3	3	-1
HGNC:3014	2	3	3	2
HGNC:3015	-1	3	3	-1
HGNC:3018	-1	3	3	-1
HGNC:30211	-1	3	3	-1
HGNC:30224	2	3	3	2
HGNC:30225	-1	3	3	-1
HGNC:30242	-1	-1	3	-1
HGNC:30259	-1	3	3	-1
HGNC:30260	1	3	3	1
HGNC:30262	2	3	3	2
HGNC:30311	-1	0	3	-1
HGNC:30324	1	3	3	1
HGNC:30325	-1	3	3	-1
HGNC:30404	1	3	3	1
HGNC:30412	1	0	3	1
HGNC:30450	1	3	3	1
HGNC:3046	-1	3	3	-1
HGNC:30502	-1	3	3	-1
HGNC:30521	-1	0	3	-1
HGNC:30596	1	3	3	1
HGNC:3061	3	3	3	3
HGNC:3062	-1	3	3	-1
HGNC:30650	1	3	3	1
HGNC:30748	-1	3	3	-1
HGNC:3078	2	3	3	2
HGNC:30862	2	3	3	2
HGNC:30863	3	3	3	3
HGNC:30866	1	3	3	1
HGNC:30927	-1	3	3	-1
HGNC:3133	3	3	3	3
HGNC:3148	-1	0	3	-1
HGNC:3149	2	0	3	2
HGNC:3151	3	0	3	3
HGNC:31736	1	3	3	1
HGNC:318	1	3	3	1
HGNC:31865	1	3	3	1
HGNC:321	1	3	3	1
HGNC:32393	1	3	3	1
HGNC:324	1	0	3	1
HGNC:3247	1	3	3	1
HGNC:325	3	3	3	3
HGNC:326	2	3	3	2
HGNC:32949	2	3	3	2
HGNC:33	1	0	3	1
HGNC:33128	2	2	3	2
HGNC:33159	-1	3	3	-1
HGNC:33238	2	3	3	2
HGNC:33426	-1	0	3	-1
HGNC:3350	3	3	3	3
HGNC:3353	2	3	3	2
HGNC:3354	-1	3	3	-1
HGNC:3356	-1	3	3	-1
HGNC:3357	-1	3	3	-1
HGNC:3358	-1	3	3	-1
HGNC:3363	-1	3	3	-1
HGNC:3364	-1	3	3	-1
HGNC:3365	-1	0	3	-1
HGNC:3367	-1	3	3	-1
HGNC:3368	2	3	3	2
HGNC:34	-1	3	3	-1
HGNC:3401	2	3	3	2
HGNC:3402	1	3	3	1
HGNC:341	-1	3	3	-1
HGNC:3423	-1	3	3	-1
HGNC:343	3	3	3	3
HGNC:344	3	3	3	3
HGNC:3465	3	0	3	3
HGNC:3481	3	3	3	3
HGNC:3482	1	3	3	1
HGNC:3483	1	3	3	1
HGNC:3512	-1	3	3	-1
HGNC:3513	2	3	3	2
HGNC:3515	-1	3	3	-1
HGNC:3516	1	3	3	1
HGNC:3518	1	3	3	1
HGNC:3554	-1	3	3	-1
HGNC:3555	-1	3	3	-1
HGNC:3569	2	3	3	2
HGNC:3570	2	3	3	2
HGNC:3571	1	3	3	1
HGNC:3574	1	3	3	1
HGNC:3575	-1	3	3	-1
HGNC:3579	1	3	3	1
HGNC:3594	3	3	3	3
HGNC:3606	-1	0	3	-1
HGNC:3607	-1	0	3	-1
HGNC:361	3	0	3	3
HGNC:362	3	3	3	3
HGNC:3629	3	3	3	3
HGNC:363	2	3	3	2
HGNC:3631	3	3	3	3
HGNC:3647	2	3	3	2
HGNC:365	1	3	3	1
HGNC:3700	3	0	3	3
HGNC:3769	-1	3	2	-1
HGNC:3770	-1	3	3	-1
HGNC:3771	-1	3	3	-1
HGNC:3772	-1	3	3	-1
HGNC:3773	-1	3	3	-1
HGNC:3791	-1	3	3	-1
HGNC:3793	-1	3	3	-1
HGNC:3795	-1	3	3	-1
HGNC:38	-1	3	3	-1
HGNC:380	2	3	3	2
HGNC:381	2	3	3	2
HGNC:3824	2	3	3	2
HGNC:3825	1	0	3	1
HGNC:384	3	3	3	3
HGNC:387	-1	3	3	-1
HGNC:388	-1	0	3	-1
HGNC:38831	0	3	3	3
HGNC:389	3	3	3	3
HGNC:395	1	3	3	1
HGNC:396	2	3	3	2
HGNC:397	-1	3	3	-1
HGNC:3974	-1	3	3	-1
HGNC:3976	3	3	3	3
HGNC:3978	-1	3	3	-1
HGNC:3999	3	0	3	3
HGNC:40	-1	0	3	-1
HGNC:4006	1	3	3	1
HGNC:4008	3	3	3	3
HGNC:4012	-1	3	3	-1
HGNC:4014	-1	3	3	-1
HGNC:4019	1	3	3	1
HGNC:402	3	0	3	3
HGNC:4020	-1	3	3	-1
HGNC:4021	1	3	3	1
HGNC:403	2	3	3	2
HGNC:404	-1	3	3	-1
HGNC:405	-1	3	-1	-1
HGNC:4056	-1	3	3	-1
HGNC:4057	2	3	3	2
HGNC:406	2	3	3	2
HGNC:4061	-1	3	3	-1
HGNC:4065	3	3	3	3
HGNC:407	2	3	3	2
HGNC:408	1	0	3	1
HGNC:409	3	3	3	3
HGNC:4092	-1	3	3	-1
HGNC:4093	-1	0	3	-1
HGNC:410	1	3	3	1
HGNC:411	-1	3	3	-1
HGNC:4115	-1	3	3	-1
HGNC:4116	2	3	3	2
HGNC:4117	-1	3	3	-1
HGNC:4118	2	3	3	2
HGNC:4119	1	3	3	1
HGNC:412	3	3	3	3
HGNC:4122	1	3	3	1
HGNC:4123	2	3	3	2
HGNC:4124	2	3	3	2
HGNC:4125	-1	3	3	-1
HGNC:4126	0	3	3	3
HGNC:4127	-1	3	3	-1
HGNC:4128	-1	3	3	-1
HGNC:4129	-1	0	3	-1
HGNC:4130	-1	3	3	-1
HGNC:4131	-1	3	3	-1
HGNC:4135	-1	0	3	-1
HGNC:4136	2	3	3	2
HGNC:4138	3	3	3	3
HGNC:4139	-1	0	3	-1
HGNC:414	3	3	3	3
HGNC:4141	3	3	3	3
HGNC:4163	3	3	3	3
HGNC:417	-1	3	3	-1
HGNC:4175	-1	3	3	-1
HGNC:4177	2	3	3	2
HGNC:418	-1	3	3	-1
HGNC:4180	2	3	3	2
HGNC:4187	-1	3	3	-1
HGNC:4188	2	3	3	2
HGNC:4189	1	3	3	1
HGNC:4193	1	3	3	1
HGNC:4195	-1	3	3	-1
HGNC:42	-1	3	3	-1
HGNC:4203	-1	3	3	-1
HGNC:4204	1	3	3	1
HGNC:4205	-1	3	3	-1
HGNC:4208	2	3	3	2
HGNC:4212	-1	3	3	-1
HGNC:4241	1	3	3	1
HGNC:4242	1	3	3	1
HGNC:4248	1	3	3	1
HGNC:4249	1	0	3	1
HGNC:4250	2	0	3	2
HGNC:4251	-1	0	3	-1
HGNC:4259	1	0	3	1
HGNC:4260	-1	0	3	-1
HGNC:4289	1	3	3	1
HGNC:429	-1	3	3	-1
HGNC:4291	-1	0	3	-1
HGNC:4296	3	3	3	3
HGNC:4298	2	3	3	2
HGNC:430	-1	3	3	-1
HGNC:4311	1	3	3	1
HGNC:4312	3	0	3	3
HGNC:4313	-1	3	3	-1
HGNC:4323	3	3	3	3
HGNC:433	-1	3	3	-1
HGNC:4330	-1	3	3	-1
HGNC:4331	2	3	3	2
HGNC:4335	3	3	3	3
HGNC:4336	1	3	3	1
HGNC:434	-1	3	3	-1
HGNC:4341	-1	3	3	-1
HGNC:435	-1	3	3	-1
HGNC:4369	1	3	3	1
HGNC:437	-1	3	3	-1
HGNC:4376	-1	3	3	-1
HGNC:4377	2	3	3	2
HGNC:4378	3	3	3	3
HGNC:438	-1	3	3	-1
HGNC:439	-1	0	3	-1
HGNC:441	-1	0	3	-1
HGNC:4415	-1	3	3	-1
HGNC:4416	3	0	3	3
HGNC:4417	3	3	3	3
HGNC:4422	2	3	3	2
HGNC:4432	3	3	3	3
HGNC:4433	3	3	3	3
HGNC:4446	2	3	3	2
HGNC:4455	-1	3	3	-1
HGNC:4456	1	3	3	1
HGNC:4458	3	3	3	3
HGNC:45	-1	0	3	-1
HGNC:451	-1	3	3	-1
HGNC:4552	-1	3	3	-1
HGNC:4553	2	3	3	2
HGNC:4554	-1	3	3	-1
HGNC:4555	-1	3	3	-1
HGNC:4556	3	3	3	3
HGNC:4558	-1	0	3	-1
HGNC:4559	-1	3	3	-1
HGNC:457	3	3	3	3
HGNC:4570	2	3	3	2
HGNC:4623	2	3	3	2
HGNC:4624	3	3	3	3
HGNC:4626	-1	3	3	-1
HGNC:4632	2	3	3	2
HGNC:4638	3	3	3	3
HGNC:4643	-1	3	3	-1
HGNC:4678	-1	3	3	-1
HGNC:468	-1	3	3	-1
HGNC:4684	-1	3	3	-1
HGNC:4685	-1	3	3	-1
HGNC:4686	-1	3	3	-1
HGNC:4687	-1	3	3	-1
HGNC:4688	-1	3	3	-1
HGNC:4689	-1	3	3	-1
HGNC:469	2	3	3	2
HGNC:4691	-1	3	3	-1
HGNC:4693	3	3	3	3
HGNC:4696	2	0	3	2
HGNC:4699	2	3	3	2
HGNC:470	1	0	3	1
HGNC:4700	-1	3	3	-1
HGNC:4706	2	3	3	2
HGNC:4707	-1	3	3	-1
HGNC:473	-1	3	3	-1
HGNC:474	-1	0	3	-1
HGNC:475	-1	0	3	-1
HGNC:476	-1	0	3	-1
HGNC:477	-1	3	3	-1
HGNC:478	-1	3	3	-1
HGNC:4795	2	0	3	2
HGNC:4796	-1	3	3	-1
HGNC:4799	2	3	3	2
HGNC:4800	3	3	3	3
HGNC:4801	3	3	3	3
HGNC:4803	3	3	3	3
HGNC:4805	1	3	3	1
HGNC:4806	-1	3	3	-1
HGNC:4809	-1	3	3	-1
HGNC:4810	-1	3	3	-1
HGNC:4818	-1	3	3	-1
HGNC:4819	-1	3	3	-1
HGNC:4820	-1	3	3	-1
HGNC:4855	-1	0	3	-1
HGNC:4866	-1	3	3	-1
HGNC:4878	1	3	3	1
HGNC:4879	3	3	3	3
HGNC:4892	-1	3	3	-1
HGNC:4907	2	3	3	2
HGNC:4908	1	3	3	1
HGNC:4922	2	0	3	2
HGNC:4923	2	3	3	2
HGNC:4925	-1	3	3	-1
HGNC:4976	1	3	3	1
HGNC:4982	2	3	3	2
HGNC:500	-1	3	3	-1
HGNC:5005	1	0	3	1
HGNC:5006	2	0	3	2
HGNC:5007	1	0	3	1
HGNC:5008	-1	0	3	-1
HGNC:5013	1	3	3	1
HGNC:5014	2	3	3	2
HGNC:5028	1	3	3	1
HGNC:51	2	3	3	2
HGNC:5147	-1	3	3	-1
HGNC:5157	3	3	3	3
HGNC:5193	1	3	3	1
HGNC:5194	-1	3	3	-1
HGNC:5195	-1	3	3	-1
HGNC:5196	-1	3	3	-1
HGNC:5198	-1	3	3	-1
HGNC:5200	-1	3	3	-1
HGNC:5201	2	3	3	2
HGNC:5208	-1	3	3	-1
HGNC:5209	-1	3	3	-1
HGNC:5210	1	3	3	1
HGNC:5211	-1	3	3	-1
HGNC:5212	-1	3	3	-1
HGNC:5213	2	3	3	2
HGNC:5215	2	3	3	2
HGNC:5217	-1	3	3	-1
HGNC:5218	-1	3	3	-1
HGNC:53	2	3	3	2
HGNC:5322	-1	3	3	-1
HGNC:5382	2	3	3	2
HGNC:5383	3	3	3	3
HGNC:5384	1	3	3	1
HGNC:5385	3	3	3	3
HGNC:5386	2	3	3	2
HGNC:5387	2	3	3	2
HGNC:5389	-1	3	3	-1
HGNC:5391	-1	3	3	-1
HGNC:54	1	3	3	1
HGNC:549	-1	3	3	-1
HGNC:55	1	3	3	1
HGNC:550	-1	3	3	-1
HGNC:553	-1	0	3	-1
HGNC:56	2	3	3	2
HGNC:59	-1	3	3	-1
HGNC:60	-1	3	3	-1
HGNC:6050	1	0	3	1
HGNC:6051	2	3	3	2
HGNC:6052	3	3	3	3
HGNC:6053	3	3	3	3
HGNC:6059	-1	3	3	-1
HGNC:6069	-1	3	3	-1
HGNC:6071	1	3	3	1
HGNC:6074	1	3	3	1
HGNC:6075	-1	3	3	-1
HGNC:6076	1	3	3	1
HGNC:6077	-1	3	3	-1
HGNC:6079	-1	3	3	-1
HGNC:6080	2	3	3	2
HGNC:61	1	3	3	1
HGNC:6115	1	3	3	1
HGNC:6176	3	3	3	3
HGNC:6178	1	3	3	1
HGNC:6179	-1	3	3	-1
HGNC:6186	2	3	3	2
HGNC:6257	-1	3	3	-1
HGNC:626	3	3	3	3
HGNC:6269	-1	3	3	-1
HGNC:6315	-1	3	3	-1
HGNC:633	-1	3	3	-1
HGNC:634	-1	3	3	-1
HGNC:6344	-1	3	3	-1
HGNC:636	-1	3	3	-1
HGNC:637	-1	0	3	-1
HGNC:638	-1	3	3	-1
HGNC:6381	-1	3	3	-1
HGNC:640	-1	3	3	-1
HGNC:642	-1	3	3	-1
HGNC:643	-1	3	3	-1
HGNC:6469	-1	3	3	-1
HGNC:6480	-1	3	3	-1
HGNC:6522	1	3	3	1
HGNC:6530	-1	0	3	-1
HGNC:6535	3	0	3	3
HGNC:6541	-1	0	3	-1
HGNC:6544	-1	3	3	-1
HGNC:66	-1	3	3	-1
HGNC:6617	3	3	3	3
HGNC:6619	-1	3	3	-1
HGNC:6622	-1	3	3	-1
HGNC:6623	-1	0	3	-1
HGNC:663	-1	3	3	-1
HGNC:664	1	3	3	1
HGNC:6677	-1	3	3	-1
HGNC:6678	-1	3	3	-1
HGNC:6685	-1	0	3	-1
HGNC:6694	-1	3	3	-1
HGNC:67	2	3	3	2
HGNC:6708	2	3	3	2
HGNC:6710	2	3	3	2
HGNC:6719	0	3	3	3
HGNC:6821	-1	3	3	-1
HGNC:6822	1	3	3	1
HGNC:6823	2	3	3	2
HGNC:6824	-1	3	3	-1
HGNC:6825	1	3	3	1
HGNC:6826	1	3	3	1
HGNC:6827	1	3	3	1
HGNC:6831	-1	3	3	-1
HGNC:6833	-1	1	3	-1
HGNC:6834	-1	1	3	-1
HGNC:6903	-1	0	3	-1
HGNC:6904	3	3	3	3
HGNC:6905	2	0	3	2
HGNC:6936	2	3	3	2
HGNC:6937	3	3	3	3
HGNC:6938	-1	3	3	-1
HGNC:6970	3	3	3	3
HGNC:6971	3	3	3	3
HGNC:6983	2	3	3	2
HGNC:6984	3	3	3	3
HGNC:6985	-1	3	3	-1
HGNC:7043	-1	0	2	-1
HGNC:7044	2	3	3	2
HGNC:7045	3	3	3	3
HGNC:7046	-1	0	3	-1
HGNC:7047	-1	3	3	-1
HGNC:7048	3	3	3	3
HGNC:7049	1	0	3	1
HGNC:7056	3	0	3	3
HGNC:7061	2	3	3	2
HGNC:7063	1	3	3	1
HGNC:7064	1	3	3	1
HGNC:7103	-1	3	3	-1
HGNC:713	1	0	3	1
HGNC:714	1	3	3	1
HGNC:7150	1	3	3	1
HGNC:7179	-1	3	3	-1
HGNC:7216	1	3	3	1
HGNC:7218	-1	3	3	-1
HGNC:7223	1	3	3	1
HGNC:735	1	3	3	1
HGNC:74	-1	3	3	-1
HGNC:7413	-1	-1	3	-1
HGNC:7419	3	0	3	3
HGNC:7421	0	0	3	0
HGNC:7422	0	0	3	0
HGNC:7427	3	0	3	3
HGNC:7432	3	3	3	3
HGNC:7434	2	3	3	2
HGNC:7436	-1	0	3	-1
HGNC:7437	1	3	3	1
HGNC:7449	1	3	3	1
HGNC:7450	1	0	3	1
HGNC:7451	1	0	3	1
HGNC:7455	3	0	3	3
HGNC:7456	3	0	3	3
HGNC:7458	3	0	3	3
HGNC:7459	0	0	3	0
HGNC:746	2	3	3	2
HGNC:7460	0	0	3	0
HGNC:7461	3	0	3	3
HGNC:7462	3	0	3	3
HGNC:7468	1	3	3	1
HGNC:750	-1	3	3	-1
HGNC:7526	2	3	3	2
HGNC:7529	2	3	3	2
HGNC:753	2	3	3	2
HGNC:7530	1	3	3	1
HGNC:756	-1	0	3	-1
HGNC:758	2	3	3	2
HGNC:7631	1	3	3	1
HGNC:7632	2	3	3	2
HGNC:7680	2	3	3	2
HGNC:7681	-1	3	3	-1
HGNC:7682	-1	3	3	-1
HGNC:7683	3	0	3	3
HGNC:7684	3	3	3	3
HGNC:7685	-1	3	3	-1
HGNC:7686	1	3	3	1
HGNC:7687	3	3	3	3
HGNC:7688	1	3	3	1
HGNC:7690	3	3	3	3
HGNC:7691	-1	3	3	-1
HGNC:7692	3	3	3	3
HGNC:7693	2	3	3	2
HGNC:7694	3	3	3	3
HGNC:7695	3	3	3	3
HGNC:7696	3	3	3	3
HGNC:7697	3	3	3	3
HGNC:7698	3	3	3	3
HGNC:7699	3	3	3	3
HGNC:7700	2	3	3	2
HGNC:7701	3	3	3	3
HGNC:7702	3	3	3	3
HGNC:7703	1	3	3	1
HGNC:7704	3	3	3	3
HGNC:7705	3	3	3	3
HGNC:7706	0	3	3	3
HGNC:7707	2	3	3	2
HGNC:7708	3	3	3	3
HGNC:7710	2	3	2	2
HGNC:7711	3	3	3	3
HGNC:7712	3	3	3	3
HGNC:7713	3	3	3	3
HGNC:7714	2	3	3	2
HGNC:7715	2	3	3	2
HGNC:7716	3	3	3	3
HGNC:7717	3	3	3	3
HGNC:7719	2	3	3	2
HGNC:7758	1	3	3	1
HGNC:7759	-1	3	3	-1
HGNC:7849	-1	3	3	-1
HGNC:7850	0	3	3	3
HGNC:7851	2	3	3	2
HGNC:7852	3	3	3	3
HGNC:7861	-1	3	3	-1
HGNC:7863	-1	3	3	-1
HGNC:7876	-1	3	3	-1
HGNC:7892	1	3	3	1
HGNC:7898	-1	3	3	-1
HGNC:79	-1	3	3	-1
HGNC:794	3	3	3	3
HGNC:7943	-1	3	3	-1
HGNC:7944	-1	3	3	-1
HGNC:799	3	3	3	3
HGNC:80	-1	3	2	-1
HGNC:800	-1	3	3	-1
HGNC:801	1	3	3	1
HGNC:8016	2	3	3	2
HGNC:8021	3	3	3	3
HGNC:8022	1	3	3	1
HGNC:804	1	3	3	1
HGNC:8049	2	3	3	2
HGNC:805	-1	3	3	-1
HGNC:8052	2	3	3	2
HGNC:8056	1	3	3	1
HGNC:806	3	3	3	3
HGNC:808	-1	3	3	-1
HGNC:8091	3	3	3	3
HGNC:8108	2	3	3	2
HGNC:8109	3	3	3	3
HGNC:8124	3	3	3	3
HGNC:814	-1	3	3	-1
HGNC:8149	1	0	3	1
HGNC:815	-1	3	3	-1
HGNC:816	-1	3	3	-1
HGNC:817	2	3	3	2
HGNC:819	-1	0	3	-1
HGNC:82	1	3	3	1
HGNC:820	-1	3	3	-1
HGNC:823	3	3	3	3
HGNC:83	2	3	3	2
HGNC:830	3	3	3	3
HGNC:833	3	3	3	3
HGNC:837	3	3	3	3
HGNC:838	3	0	3	3
HGNC:84	2	3	3	2
HGNC:840	3	3	3	3
HGNC:841	3	3	3	3
HGNC:842	3	3	3	3
HGNC:843	3	3	3	3
HGNC:845	3	3	3	3
HGNC:846	3	3	3	3
HGNC:847	3	3	3	3
HGNC:848	3	3	3	3
HGNC:8494	-1	0	3	-1
HGNC:85	-1	3	2	-1
HGNC:850	3	3	3	3
HGNC:851	2	3	3	2
HGNC:8512	-1	3	3	-1
HGNC:8527	2	3	2	2
HGNC:853	-1	0	3	-1
HGNC:854	2	3	3	2
HGNC:8546	2	3	3	2
HGNC:8547	1	0	3	1
HGNC:8548	3	3	3	3
HGNC:855	-1	3	3	-1
HGNC:856	2	3	3	2
HGNC:857	3	3	3	3
HGNC:8574	2	3	3	2
HGNC:8575	2	0	3	2
HGNC:8576	3	3	3	3
HGNC:8579	-1	3	3	-1
HGNC:8582	-1	3	3	-1
HGNC:8587	3	0	3	3
HGNC:8598	1	3	3	1
HGNC:8603	1	3	3	1
HGNC:8604	-1	3	3	-1
HGNC:861	3	3	3	3
HGNC:862	0	0	3	0
HGNC:863	3	0	3	3
HGNC:8636	1	3	3	1
HGNC:864	3	3	3	3
HGNC:8646	3	3	3	3
HGNC:865	1	3	3	1
HGNC:8653	1	3	3	1
HGNC:8654	1	3	3	1
HGNC:866	-1	3	3	-1
HGNC:87	1	0	3	1
HGNC:8724	-1	0	3	-1
HGNC:8725	2	3	3	2
HGNC:8754	1	3	3	1
HGNC:8755	-1	3	3	-1
HGNC:8756	1	3	3	1
HGNC:877	3	3	3	3
HGNC:8772	1	3	3	1
HGNC:8773	-1	0	3	-1
HGNC:8774	-1	3	3	-1
HGNC:8775	-1	3	3	-1
HGNC:8776	-1	3	3	-1
HGNC:8777	-1	3	3	-1
HGNC:8778	-1	3	3	-1
HGNC:8779	-1	0	3	-1
HGNC:8780	-1	3	3	-1
HGNC:8781	-1	3	3	-1
HGNC:8782	-1	3	3	-1
HGNC:8783	-1	3	3	-1
HGNC:8784	-1	3	3	-1
HGNC:8785	-1	3	3	-1
HGNC:8786	-1	3	3	-1
HGNC:8787	-1	3	3	-1
HGNC:8788	1	3	3	1
HGNC:8789	-1	0	3	-1
HGNC:8790	-1	0	3	-1
HGNC:8791	-1	3	3	-1
HGNC:8792	-1	0	3	-1
HGNC:8793	1	3	3	1
HGNC:8794	-1	3	3	-1
HGNC:8795	-1	3	3	-1
HGNC:88	-1	3	3	-1
HGNC:8806	3	3	3	3
HGNC:8807	-1	3	3	-1
HGNC:8808	2	3	3	2
HGNC:8818	-1	3	3	-1
HGNC:8819	2	3	3	2
HGNC:8830	1	3	3	1
HGNC:8840	2	0	3	2
HGNC:8863	2	3	3	2
HGNC:8872	-1	3	3	-1
HGNC:8873	-1	3	3	-1
HGNC:8874	2	3	3	2
HGNC:8875	-1	3	3	-1
HGNC:8876	3	3	3	3
HGNC:8877	2	3	3	2
HGNC:8878	3	3	3	3
HGNC:8888	3	3	3	3
HGNC:8889	0	3	3	3
HGNC:8891	3	3	3	3
HGNC:8896	3	3	3	3
HGNC:8898	-1	3	3	-1
HGNC:89	2	3	2	2
HGNC:890	1	3	3	1
HGNC:8903	2	3	3	2
HGNC:8905	2	3	2	2
HGNC:8906	1	3	3	1
HGNC:8907	1	3	3	1
HGNC:8909	1	3	3	1
HGNC:8918	-1	3	3	-1
HGNC:8923	2	3	3	2
HGNC:8940	1	3	3	1
HGNC:8956	-1	3	3	-1
HGNC:8957	1	3	3	1
HGNC:8960	1	3	3	1
HGNC:8962	-1	3	3	-1
HGNC:8964	1	3	3	1
HGNC:8965	1	3	3	1
HGNC:8966	-1	3	3	-1
HGNC:8967	1	0	3	1
HGNC:8971	1	3	3	1
HGNC:8972	-1	3	3	-1
HGNC:8973	-1	3	3	-1
HGNC:8974	1	3	3	1
HGNC:8975	-1	3	3	-1
HGNC:8976	1	3	3	1
HGNC:8977	-1	3	3	-1
HGNC:8978	-1	3	3	-1
HGNC:8979	-1	3	3	-1
HGNC:8980	0	3	3	3
HGNC:8981	2	3	3	2
HGNC:8983	1	3	3	1
HGNC:8984	2	3	3	2
HGNC:8994	2	3	3	2
HGNC:8995	-1	3	3	-1
HGNC:8996	1	3	3	1
HGNC:8997	1	0	3	1
HGNC:8998	2	0	3	2
HGNC:8999	1	3	3	1
HGNC:90	1	3	3	1
HGNC:9020	-1	3	3	-1
HGNC:9021	3	3	3	3
HGNC:9029	-1	3	3	-1
HGNC:9030	-1	3	3	-1
HGNC:9031	-1	3	3	-1
HGNC:9033	-1	3	3	-1
HGNC:9035	-1	3	3	-1
HGNC:9036	-1	0	3	-1
HGNC:9038	-1	3	3	-1
HGNC:9039	-1	0	3	-1
HGNC:9040	-1	3	3	-1
HGNC:9055	-1	3	3	-1
HGNC:9056	2	3	2	2
HGNC:9059	-1	3	3	-1
HGNC:9060	-1	3	2	-1
HGNC:9061	1	3	3	1
HGNC:9062	-1	3	3	-1
HGNC:9063	-1	2	3	-1
HGNC:9065	2	3	3	2
HGNC:9066	-1	3	3	-1
HGNC:9067	-1	3	3	-1
HGNC:9068	2	0	3	2
HGNC:9081	3	3	3	3
HGNC:9082	-1	3	3	-1
HGNC:9083	2	3	3	2
HGNC:91	1	3	3	1
HGNC:9114	1	3	3	1
HGNC:9115	1	3	3	1
HGNC:9141	3	0	3	3
HGNC:9155	-1	3	3	-1
HGNC:9156	-1	3	3	-1
HGNC:9160	-1	0	3	-1
HGNC:918	-1	3	3	-1
HGNC:919	-1	3	3	-1
HGNC:92	3	3	3	3
HGNC:920	-1	0	3	-1
HGNC:9206	-1	3	2	-1
HGNC:9208	2	3	3	2
HGNC:921	-1	3	3	-1
HGNC:922	-1	3	3	-1
HGNC:9225	-1	3	3	-1
HGNC:9226	3	3	3	3
HGNC:9228	2	3	3	2
HGNC:9229	-1	0	3	-1
HGNC:923	2	3	3	2
HGNC:9230	3	0	3	3
HGNC:9238	2	3	3	2
HGNC:924	1	3	3	1
HGNC:925	2	3	3	2
HGNC:9251	2	3	3	2
HGNC:926	2	3	3	2
HGNC:928	2	3	3	2
HGNC:9280	1	3	3	1
HGNC:929	-1	3	3	-1
HGNC:93	3	3	3	3
HGNC:930	2	3	3	2
HGNC:932	-1	3	3	-1
HGNC:9325	3	3	3	3
HGNC:9326	1	3	3	1
HGNC:9352	3	3	3	3
HGNC:9353	3	0	3	3
HGNC:9354	3	3	3	3
HGNC:94	2	3	3	2
HGNC:941	2	3	3	2
HGNC:9453	-1	0	3	-1
HGNC:9462	3	3	3	3
HGNC:9463	-1	0	3	-1
HGNC:9465	3	3	3	3
HGNC:95	1	3	3	1
HGNC:9577	2	3	3	2
HGNC:9587	2	3	3	2
HGNC:9588	1	3	3	1
HGNC:9592	-1	3	3	-1
HGNC:9599	3	3	3	3
HGNC:9603	-1	3	3	-1
HGNC:9604	-1	0	3	-1
HGNC:9605	-1	0	3	-1
HGNC:964	-1	3	3	-1
HGNC:9689	1	3	3	1
HGNC:9721	3	3	3	3
HGNC:9722	3	3	3	3
HGNC:9723	3	3	3	3
HGNC:9725	3	3	3	3
HGNC:9726	-1	3	3	-1
HGNC:9752	2	3	3	2
HGNC:9755	1	3	3	1
HGNC:976	-1	3	3	-1
HGNC:977	2	3	3	2
HGNC:986	-1	3	3	-1
HGNC:987	2	1	3	1
HGNC:9919	-1	3	3	-1
HGNC:9920	-1	3	3	-1
HGNC:9922	-1	3	3	-1
HGNC:9940	-1	3	3	-1
HGNC:9959	-1	3	3	-1
